{
    "format_version": 2,
    "tooth": "github.com/LiteLDev/LegacyScriptEngine",
    "version": "0.4.8",
    "info": {
        "name": "LegacyScriptEngine",
        "description": "A plugin engine for running LLSE plugins on LeviLamina",
        "author": "LiteLDev",
        "tags": [
            "levilamina",
            "plugin-engine"
        ]
    },
    "commands": {},
    "dependencies": {
        "gitea.litebds.com/LiteLDev/legacy-script-engine-lua": "0.4.8",
        "gitea.litebds.com/LiteLDev/legacy-script-engine-quickjs": "0.4.8"
    },
    "files": {}
}