{
    "format_version": 2,
    "tooth": "github.com/LiteLDev/LeviLamina",
    "version": "0.9.2",
    "info": {
        "name": "LeviLamina",
        "description": "A lightweight, modular and versatile plugin loader for Minecraft Bedrock Server BDS, formerly known as LiteLoaderBDS",
        "author": "LiteLDev",
        "tags": []
    },
    "asset_url": "https://github.com/LiteLDev/LeviLamina/releases/download/v0.9.2/levilamina-release-windows-x64.zip",
    "commands": {
        "post_install": [
            ".\\PeEditor.exe -mb"
        ],
        "post_uninstall": [
            "IF EXIST bedrock_server.exe (DEL bedrock_server.exe.bak) ELSE (REN bedrock_server.exe.bak bedrock_server.exe)"
        ]
    },
    "dependencies": {
        "github.com/LiteLDev/CrashLogger": "1.1.x",
        "github.com/LiteLDev/PeEditor": "3.5.x",
        "github.com/LiteLDev/PreLoader": "1.5.x",
        "github.com/LiteLDev/bds": "1.20.62",
        "github.com/LiteLDev/levilamina-loc": "1.0.x"
    },
    "files": {
        "place": [
            {
                "src": "LeviLamina.dll",
                "dest": "LeviLamina.dll"
            },
            {
                "src": "LeviLamina.pdb",
                "dest": "LeviLamina.pdb"
            }
        ],
        "remove": [
            "bedrock_server_mod.exe"
        ]
    }
}