{
    "format_version": 2,
    "tooth": "github.com/LiteLDev/CrashLogger",
    "version": "1.1.1",
    "info": {
        "name": "CrashLogger",
        "description": "Show crash log of LeviLamina",
        "author": "LiteLDev",
        "tags": [
            "levilamina",
            "utility"
        ]
    },
    "asset_url": "https://github.com/LiteLDev/CrashLogger/releases/download/v1.1.1/CrashLogger-windows-x64.zip",
    "commands": {},
    "files": {
        "place": [
            {
                "src": "CrashLogger.exe",
                "dest": "plugins/LeviLamina/CrashLogger.exe"
            }
        ]
    }
}