{
    "format_version": 2,
    "tooth": "github.com/LiteLDev/PreLoader",
    "version": "1.5.1",
    "info": {
        "name": "PreLoader",
        "description": "A library preloader for loading LeviLamina",
        "author": "LiteLDev",
        "tags": []
    },
    "asset_url": "https://github.com/LiteLDev/PreLoader/releases/download/v1.5.1/preloader-v1.5.1-windows-amd64.zip",
    "commands": {},
    "files": {
        "place": [
            {
                "src": "bin/PreLoader.dll",
                "dest": "PreLoader.dll"
            }
        ]
    }
}