{
    "format_version": 2,
    "tooth": "github.com/LiteLDev/LegacyRemoteCall",
    "version": "0.4.0",
    "info": {
        "name": "LegacyRemoteCall",
        "description": "A part of LegacyScriptEngine",
        "author": "LiteLDev",
        "tags": [
            "plugin",
            "levilamina",
            "library",
            "lse"
        ]
    },
    "asset_url": "https://github.com/LiteLDev/LegacyRemoteCall/releases/download/v0.4.0/LegacyRemoteCall-windows-x64.zip",
    "commands": {},
    "prerequisites": {
        "github.com/LiteLDev/LeviLamina": "0.9.x"
    },
    "files": {
        "place": [
            {
                "src": "LegacyRemoteCall/manifest.json",
                "dest": "plugins/LegacyRemoteCall/manifest.json"
            },
            {
                "src": "LegacyRemoteCall/LegacyRemoteCall.dll",
                "dest": "plugins/LegacyRemoteCall/LegacyRemoteCall.dll"
            }
        ]
    }
}