{
    "format_version": 2,
    "tooth": "github.com/LiteLDev/PeEditor",
    "version": "3.5.1",
    "info": {
        "name": "PeEditor",
        "description": "A tool to inject PreLoader to Minecraft Bedrock Dedicated Server",
        "author": "LiteLDev",
        "tags": []
    },
    "asset_url": "https://github.com/LiteLDev/PeEditor/releases/download/v3.5.1/peeditor-v3.5.1-windows-amd64.zip",
    "commands": {},
    "files": {
        "place": [
            {
                "src": "PeEditor.exe",
                "dest": "PeEditor.exe"
            }
        ]
    }
}