{
    "format_version": 2,
    "tooth": "github.com/LiteLDev/LegacyParticleAPI",
    "version": "0.4.0",
    "info": {
        "name": "LegacyParticleAPI",
        "description": "ParticleAPI ported from LiteLoaderBDS",
        "author": "LiteLDev",
        "tags": [
            "levilamina",
            "plugin",
            "library"
        ]
    },
    "asset_url": "https://github.com/LiteLDev/LegacyParticleAPI/releases/download/v0.4.0/LegacyParticleAPI-windows-x64.zip",
    "commands": {},
    "prerequisites": {
        "github.com/LiteLDev/LeviLamina": "0.9.x"
    },
    "files": {
        "place": [
            {
                "src": "LegacyParticleAPI/LegacyParticleAPI.dll",
                "dest": "plugins/LegacyParticleAPI/LegacyParticleAPI.dll"
            },
            {
                "src": "LegacyParticleAPI/manifest.json",
                "dest": "plugins/LegacyParticleAPI/manifest.json"
            }
        ]
    }
}