{
    "format_version": 2,
    "tooth": "github.com/LiteLDev/bds",
    "version": "1.20.62",
    "info": {
        "name": "Minecraft Bedrock Dedicated Server",
        "description": "Bedrock Dedicated Servers allow Minecraft players on Windows and Linux computers to set up their own server at home, or host their server using a cloud-based service.",
        "author": "Mojang",
        "tags": []
    },
    "commands": {
        "post_install": [
            ".\\bdsdown.exe -y --source version://windows/1.20.62.02"
        ]
    },
    "dependencies": {
        "github.com/LiteLDev/bdsdown": "0.5.x"
    },
    "files": {
        "remove": [
            "bedrock_server.exe",
            "bedrock_server.exe.bak",
            "bedrock_server.pdb",
            "bedrock_server_how_to.html",
            "behavior_packs",
            "config",
            "definitions",
            "development_behavior_packs",
            "development_resource_packs",
            "development_skin_packs",
            "packet-statistics.txt",
            "release-notes.txt",
            "resource_packs",
            "world_templates",
            "valid_known_packs.json"
        ]
    }
}